"","p_val","avg_log2FC","pct.1","pct.2","p_val_adj"
"MS4A1",4.43013247527124e-127,-2.46898323351495,0.021,0.867,1.62147278727403e-122
"PAX5",1.57512853271654e-117,-2.38830043716079,0.018,0.807,5.7651279425958e-113
"EBF1",3.32461608477896e-113,-2.30375199413131,0.016,0.78,1.21684273318995e-108
"FCRL1",1.7994586061539e-110,-2.0471446272689,0.013,0.753,6.58619844438388e-106
"LINC00926",2.12278374968593e-97,-1.88393229188578,0.021,0.707,7.76960080222546e-93
"OSBPL10",5.91886636630579e-94,-2.15336933677403,0.015,0.667,2.16636427873158e-89
"BANK1",8.55885356480661e-91,-3.23052423558592,0.147,0.88,3.13262599325487e-86
"CD22",1.34766516504164e-86,-1.59262662847734,0.01,0.607,4.93258927056891e-82
"NIBAN3",5.04545417709262e-86,-1.55807592784224,0.018,0.633,1.84668668335767e-81
"BLK",1.66984511229641e-84,-1.7719222580968,0.055,0.733,6.11180009551611e-80
"CD79A",2.16889894685435e-83,-1.90745215420675,0.05,0.707,7.93838703538159e-79
"IGHM",7.17520833379285e-80,-3.14904079697713,0.147,0.82,2.62619800225152e-75
"COL19A1",4.01824105311041e-79,-1.85260695711776,0.011,0.567,1.47071640784894e-74
"IGHD",2.23414121850073e-78,-1.58944275505537,0.013,0.573,8.17718027383451e-74
"AP002075.1",5.26228886757942e-76,-1.41771686724446,0.018,0.573,1.92605034842274e-71
"RALGPS2",1.01805833816272e-69,-2.52245813855798,0.233,0.86,3.72619532350935e-65
"PLEKHG1",2.82114364999779e-69,-1.52807948745621,0.029,0.573,1.03256678733569e-64
"AFF3",1.92482235525378e-68,-2.67523041624489,0.319,0.913,7.04504230246436e-64
"ADAM28",4.61840767435182e-63,-1.59524439582235,0.072,0.653,1.69038339288951e-58
"COBLL1",3.35482614278371e-61,-1.21869462699591,0.026,0.513,1.22789991652027e-56
"BLNK",3.90240455454539e-61,-1.1659169643246,0.028,0.52,1.42831909100916e-56
"LINC02397",9.54158205899289e-55,-0.904769482656204,0.007,0.4,3.49231444941199e-50
"LARGE1",5.62628418953034e-54,-1.62508421926237,0.046,0.52,2.05927627621e-49
"STEAP1B",2.23985977964104e-51,-1.46239150561754,0.02,0.427,8.19811077946416e-47
"CD79B",5.732595559606e-50,-1.32641813494045,0.085,0.58,2.09818730077139e-45
"FCER2",1.45100884937869e-49,-1.18779784583362,0.042,0.487,5.31083748961095e-45
"IGKC",2.36151521512326e-49,-4.01978340451955,0.384,0.827,8.64338183887264e-45
"TPD52",2.473265646317e-49,-1.41617668499317,0.176,0.747,9.05239959208487e-45
"KHDRBS2",1.47119684502361e-48,-1.44918806857033,0.059,0.527,5.38472757247091e-44
"SEL1L3",1.5315138538497e-46,-1.50701526687578,0.191,0.713,5.60549385647527e-42
"FCRL2",3.42993847649539e-45,-0.782245711691955,0.011,0.36,1.25539178178208e-40
"AC120193.1",1.24283373765303e-42,-1.15010483702164,0.07,0.52,4.54889576318384e-38
"DENND5B",1.08266612866001e-41,-1.0177065545901,0.044,0.447,3.96266629750851e-37
"LIX1-AS1",2.00970695228577e-41,-1.5512848979503,0.062,0.473,7.35572841606114e-37
"GNG7",5.02867986366996e-40,-1.3840885674113,0.125,0.593,1.84054711690184e-35
"CD74",8.87879496777193e-39,-1.16188313830301,0.984,0.993,3.24972774615421e-34
"P2RX5",9.82971112267194e-37,-0.806168323923477,0.034,0.38,3.59777256800915e-32
"CAMK4",1.61069429498722e-35,1.82633886245329,0.762,0.187,5.89530218908273e-31
"RUBCNL",2.56812193144875e-34,-0.910189122569585,0.094,0.513,9.39958308129557e-30
"ANGPTL1",5.95791188253959e-34,-0.935854047373433,0.065,0.433,2.18065532812831e-29
"BCL11B",7.02150691835033e-34,1.51052410062991,0.855,0.273,2.5699417471854e-29
"POU2AF1",1.18733808077167e-33,-0.590070973101489,0.01,0.273,4.3457761094324e-29
"SWAP70",2.7656469477892e-33,-1.1364911565285,0.182,0.633,1.01225443936032e-28
"BCL11A",3.90604161627862e-33,-1.18315420413222,0.225,0.7,1.42965029197414e-28
"RASGRP3",7.52443931960355e-33,-0.847175854452075,0.039,0.367,2.7540200353681e-28
"HLA-DRA",1.34221671449628e-32,-0.99220182098493,0.878,0.98,4.91264739672783e-28
"STRBP",3.47574721344665e-32,-1.09527146172148,0.182,0.64,1.27215823759361e-27
"WDFY4",6.42583320117391e-32,-1.2199936528793,0.293,0.733,2.35191920996166e-27
"CCSER1",1.21312638225417e-31,-1.27486248469183,0.111,0.513,4.44016387168847e-27
"INPP4B",4.33483234566754e-30,1.70931095605398,0.726,0.167,1.58659198683778e-25
"CD247",7.96266162255439e-30,1.24368906046235,0.85,0.26,2.91441378047113e-25
"CDK14",4.08573503959272e-29,-1.34168549003521,0.288,0.7,1.49541988184133e-24
"CNR2",6.50630285136725e-29,-0.66301626705478,0.031,0.32,2.38137190662893e-24
"SPIB",6.85368957787137e-29,-0.618942657960935,0.015,0.26,2.5085189223967e-24
"PALM2-AKAP2",1.03711742176475e-28,-1.01655936953334,0.099,0.467,3.79595347540117e-24
"PRKCH",1.10058155587274e-27,1.15377728327544,0.878,0.373,4.02823855264982e-23
"AUTS2",1.29707411168096e-27,-1.21508970556793,0.223,0.647,4.74742095616348e-23
"SETBP1",3.26049907444495e-27,-1.04241071328025,0.199,0.62,1.1933752662376e-22
"HLA-DRB1",9.52187261749548e-27,-0.942723826110944,0.73,0.953,3.48510059672952e-22
"CD37",1.18786866428266e-26,-1.0550835327704,0.526,0.84,4.34771809814096e-22
"MICAL3",2.45523013321057e-26,-0.78851143167019,0.124,0.513,8.986387810564e-22
"HLA-DQA1",4.45861839508456e-26,-1.15250104666733,0.419,0.807,1.6318989187849e-21
"ITK",2.76355493951788e-25,1.14310024170256,0.689,0.18,1.01148874341294e-20
"PITPNC1",6.30977139522106e-25,1.17478835780545,0.863,0.547,2.30943942836486e-20
"PCDH9",8.56142614786478e-25,-1.15633850317903,0.021,0.253,3.13356758437999e-20
"HLA-DOB",1.44485776446537e-24,-0.520666629426086,0.021,0.253,5.28832390371968e-20
"MEF2C",1.7451741405464e-24,-1.07968233177138,0.772,0.893,6.38751187181386e-20
"FCHSD2",1.41416089414113e-23,-0.915327937123258,0.819,0.947,5.17597028864594e-19
"ITPR1",9.86033651443079e-23,-1.01177850174634,0.585,0.84,3.60898176764681e-18
"LEF1",1.35099874217194e-22,1.38763157503443,0.699,0.227,4.94479049622351e-18
"TC2N",1.89082751062468e-22,1.11464692985038,0.743,0.287,6.92061777163741e-18
"BTLA",3.01099428273412e-22,-0.591114874523285,0.068,0.36,1.10205401742351e-17
"ARHGAP24",5.82161029258886e-22,-1.06203830409854,0.612,0.88,2.13076758319045e-17
"PAWR",8.21304798567055e-22,-0.520821462498331,0.049,0.313,3.00605769323528e-17
"RAB30",8.77587483081768e-22,-0.713851864176177,0.085,0.38,3.21205794682758e-17
"AAK1",2.53480033206443e-21,0.880600953450053,0.906,0.64,9.27762269538902e-17
"PRKCQ",4.04939810728142e-21,1.04054987726019,0.632,0.18,1.48212020124607e-16
"SIPA1L3",4.19352408114563e-21,-1.02953864580865,0.593,0.86,1.53487174894011e-16
"TCF7",8.49132518082897e-21,1.06833223057878,0.694,0.287,3.10790992943521e-16
"TNIK",2.11709756448943e-20,1.0239019088639,0.674,0.233,7.74878879578778e-16
"HLA-DPB1",2.31241824255822e-19,-0.899069188818535,0.58,0.82,8.46368200958733e-15
"TCF4",3.47550571701046e-19,-0.939079496379682,0.283,0.62,1.272069847483e-14
"THEMIS",5.56510133133413e-19,1.18979471118864,0.666,0.233,2.0368827382816e-14
"HLA-DQB1",7.6815733565326e-19,-0.844163570082089,0.621,0.853,2.8115326642245e-14
"HVCN1",9.39673363257355e-19,-0.850376230275662,0.296,0.633,3.43929847685825e-14
"BACH2",9.40503014084804e-19,-1.24737109937365,0.708,0.907,3.44233508185179e-14
"RORA",9.91795057709209e-19,1.12692028252993,0.648,0.233,3.63006909072148e-14
"MARCH3",1.03117089462709e-18,-1.02830626212334,0.164,0.48,3.7741885914246e-14
"ADAM19",1.54135428365565e-18,-0.74038349578249,0.272,0.66,5.64151081360805e-14
"TRAC",2.61637137733932e-18,0.789910320399778,0.653,0.207,9.57618087819964e-14
"PRKCA",6.35283211305975e-18,1.00966522001189,0.826,0.513,2.325200081701e-13
"HLA-DPA1",7.31468057211513e-18,-0.75634370045105,0.562,0.88,2.67724623619986e-13
"IL7R",1.17993675927613e-17,0.99162616792302,0.658,0.22,4.31868653262656e-13
"SLC9A7",2.4101364155393e-17,-0.680836040960468,0.098,0.373,8.8213402945154e-13
"CD6",3.67991534271946e-17,0.824890539174535,0.529,0.14,1.34688581458875e-12
"STAT4",4.52541884100523e-17,0.957158750965471,0.573,0.18,1.65634854999632e-12
"FCRL3",7.74470573711939e-17,-0.590627921568808,0.047,0.26,2.83463974684307e-12
"STX7",8.83742644020331e-17,-0.883458204940593,0.559,0.807,3.23458645137881e-12
"SLFN12L",2.29451270704223e-16,0.761813897339193,0.629,0.213,8.39814595904528e-12
"IFNG-AS1",2.43482478272014e-16,-0.907561214505673,0.169,0.487,8.911702187234e-12
"SERINC5",3.63076167029501e-16,0.869641540747678,0.788,0.487,1.32889507894468e-11
"TXK",8.88812495835962e-16,0.957284271380263,0.666,0.28,3.2531426160092e-11
"SNX29",1.57502036716402e-15,-0.698068843604034,0.8,0.907,5.76473204585704e-11
"LCK",4.73418108458005e-15,0.784416199897917,0.487,0.12,1.73275761876714e-10
"PDE3B",6.28675611531591e-15,1.02506820457558,0.743,0.447,2.30101560576678e-10
"PLPP5",1.63754672722576e-14,-0.55921134498813,0.067,0.28,5.99358477631902e-10
"CD96",1.64018174357579e-14,0.889028766194294,0.658,0.313,6.00322919966174e-10
"AC027097.2",2.86065927253881e-14,-0.71288904397884,0.389,0.68,1.04702990034193e-09
"CD7",3.35031028755295e-14,0.773147135831172,0.438,0.1,1.22624706834726e-09
"TAFA1",3.95646527013113e-14,0.969074091998001,0.409,0.073,1.4481058535207e-09
"OXNAD1",8.36225373974425e-14,0.806340538803109,0.65,0.327,3.06066849128379e-09
"MEF2C-AS1",1.20355923435335e-13,-0.589489238286553,0.116,0.36,4.40514715365669e-09
"ZCCHC7",1.94894824670175e-13,-0.739317600900055,0.782,0.873,7.13334547775308e-09
"USP6NL",2.27345366088611e-13,-0.748112169294672,0.34,0.613,8.32106774420924e-09
"HLA-DRB5",2.49905008739463e-13,-0.701880276099329,0.511,0.767,9.14677322487308e-09
"RASGRF2",5.35946665256279e-13,0.876341453373963,0.432,0.113,1.96161838950451e-08
"MARCH1",5.90084943170819e-13,-0.587331989446337,0.888,0.947,2.15976990049951e-08
"PDE4D",6.48503947984259e-13,-0.890936369426652,0.493,0.733,2.37358930001719e-08
"PIP5K1B",1.20934172580288e-12,-0.698718475277181,0.241,0.527,4.42631165061114e-08
"LINC00861",1.29828816027965e-12,0.612933568432631,0.534,0.187,4.75186449543956e-08
"CDC14A",1.34884533060511e-12,0.875482272933262,0.739,0.5,4.93690879454776e-08
"GRAP2",1.61130466162503e-12,0.637788286432295,0.598,0.233,5.89753619201377e-08
"IQGAP2",1.8320376196171e-12,0.700964269612534,0.894,0.727,6.70544089156056e-08
"C11orf80",2.38575144737589e-12,-0.442773200676203,0.075,0.28,8.73208887254048e-08
"FCMR",3.45379267345532e-12,-0.733006499311832,0.339,0.62,1.26412265641138e-07
"CAMK1D",3.714836080104e-12,-0.592082270869188,0.775,0.9,1.35966715367887e-07
"PRKCQ-AS1",3.83026560044972e-12,0.626980275981214,0.41,0.1,1.4019155124206e-07
"PPP3CA",4.60823335400698e-12,-0.601225194162644,0.809,0.92,1.68665948990009e-07
"ADK",4.75808192018825e-12,-0.781712388459217,0.78,0.88,1.7415055636081e-07
"SEMA4B",5.21661360372523e-12,-0.597519304247194,0.16,0.407,1.90933274509947e-07
"STK38",6.06579002301802e-12,0.577905426522243,0.862,0.64,2.22013980632482e-07
"SP140",6.21100463646918e-12,-0.71899796220403,0.358,0.607,2.27328980699408e-07
"IKZF3",6.34341404468331e-12,-0.714532197489172,0.414,0.68,2.32175297449454e-07
"AC016074.2",6.93243989940852e-12,0.643898242377894,0.298,0.033,2.53734232758251e-07
"UVRAG",8.46694398832246e-12,-0.563114313509315,0.881,0.907,3.0989861691659e-07
"NELL2",9.03473981981824e-12,0.991752418474889,0.391,0.093,3.30680512145167e-07
"LINC01934",1.00400133730839e-11,0.941699496782875,0.463,0.16,3.67474529468242e-07
"EAF2",1.3507324462623e-11,-0.520647389644365,0.14,0.38,4.94381582656464e-07
"ARHGEF3",1.77951521693913e-11,0.674981169801827,0.834,0.62,6.5132036455189e-07
"CD2",1.79099697370166e-11,0.537655173777714,0.446,0.12,6.55522802344544e-07
"LY86",1.80606089556358e-11,-0.57559840506111,0.414,0.7,6.61036348385224e-07
"FAM3C",1.97733283151198e-11,-0.495107198694427,0.13,0.36,7.23723589661698e-07
"RNF157",2.13241651061971e-11,0.653616048802544,0.334,0.053,7.8048576705192e-07
"CD3G",2.66078683102636e-11,0.470787714953127,0.409,0.1,9.73874588023959e-07
"ZDHHC14",2.88016571582244e-11,-0.521061573274606,0.161,0.413,1.05416945364817e-06
"ITGA6",6.21838173168126e-11,0.646195549076848,0.43,0.14,2.27598989761266e-06
"SYNE2",1.01567002986283e-10,0.715214360536229,0.705,0.453,3.71745387630095e-06
"CD83",1.3299377339829e-10,-0.686702680602168,0.666,0.847,4.86770510015083e-06
"APBA2",1.75546435782746e-10,0.764307183420775,0.433,0.16,6.42517509608428e-06
"DOCK9",1.78380304383958e-10,0.651863195680116,0.485,0.2,6.52889752075726e-06
"MGAT4A",2.1915655454299e-10,0.571527051999934,0.498,0.213,8.02134905282797e-06
"TESPA1",2.50631527787201e-10,0.626783310621556,0.428,0.147,9.17336454853936e-06
"EIF2AK3",2.83647468461311e-10,-0.733999245189989,0.267,0.5,1.03817809931524e-05
"SEMA4D",3.62910477246771e-10,0.571065068110342,0.852,0.66,1.32828863777091e-05
"AK5",4.1145917629434e-10,0.650496620191727,0.277,0.033,1.50598173115491e-05
"RABEP2",4.36810494605142e-10,-0.407797973468203,0.15,0.373,1.59877009130428e-05
"MTSS1",5.72752710886721e-10,-0.618512122563496,0.559,0.807,2.09633219711649e-05
"C12orf42",9.11686634828079e-10,-0.474346530776493,0.091,0.273,3.33686425213425e-05
"MGAT5",9.68663333789664e-10,-0.691237382952039,0.609,0.76,3.54540466800355e-05
"PTPRK",9.79040678969469e-10,-0.623995142173539,0.145,0.353,3.58338678909615e-05
"SCML4",1.11790549323811e-09,0.608358939732485,0.577,0.307,4.09164589580082e-05
"PAG1",1.21116799379393e-09,0.631601485520482,0.79,0.613,4.43299597408517e-05
"IGHA1",1.30582638108393e-09,-0.497952749600022,0.085,0.26,4.77945513740528e-05
"RASGRP1",1.33956868397685e-09,0.584341411014166,0.484,0.2,4.90295534022368e-05
"UST",1.40489912190908e-09,-0.580077117328211,0.235,0.473,5.14207127609943e-05
"RRAS2",1.42200888843413e-09,-0.54854336263179,0.163,0.373,5.20469473255777e-05
"JAZF1",1.4255689573375e-09,-0.530816125382518,0.726,0.873,5.21772494075097e-05
"ATP10A",1.69813979007333e-09,0.63929204672806,0.546,0.267,6.21536144564741e-05
"BCAS4",2.06308258272172e-09,-0.440260973079965,0.124,0.327,7.55108856101978e-05
"FOXN3",2.19154220928343e-09,0.413768024989367,0.979,0.933,8.02126364019829e-05
"MBNL1",2.60079252385267e-09,0.323336991569035,0.998,0.98,9.51916071655317e-05
"CD3D",2.87075208318458e-09,0.384138258766228,0.511,0.207,0.000105072396996639
"IL4R",3.16022782136632e-09,-0.807861332286087,0.366,0.56,0.000115667498489829
"CD226",3.38635041604018e-09,0.579651113896248,0.272,0.047,0.000123943811577487
"RPS11",3.89497171895284e-09,-0.576741872704277,0.938,0.98,0.000142559859885393
"HLA-DMA",6.44453676234498e-09,-0.555293578408752,0.303,0.54,0.000235876490038589
"FYB1",6.56368555298253e-09,0.398496072870675,0.977,0.967,0.000240237454924714
"KLRK1",7.02597457964865e-09,0.564833449917146,0.269,0.047,0.00025715769558972
"TRIO",7.94922227951593e-09,-0.637158767421423,0.624,0.76,0.000290949484652563
"MAML2",8.16896771325729e-09,0.601587656082665,0.94,0.887,0.00029899238727293
"SORL1",8.33459521508328e-09,0.418724992227726,0.831,0.627,0.000305054519467263
"CIITA",1.01400294883361e-08,-0.645988042400467,0.477,0.667,0.000371135219302589
"NOSIP",1.01626450116053e-08,0.573543316114529,0.459,0.22,0.000371962970069765
"NCALD",1.13294159227319e-08,0.709361403194435,0.355,0.12,0.00041466795218791
"CD3E",1.18902529422678e-08,0.427223477162833,0.402,0.133,0.000435195147939942
"GPRIN3",1.19988597947263e-08,0.537013896016908,0.432,0.173,0.000439170267346776
"TMEM156",1.20022829723843e-08,-0.488183522148058,0.176,0.38,0.000439295559072237
"RASA3",1.38521686158094e-08,0.521382372436229,0.744,0.533,0.000507003223507239
"DOCK10",1.51482117951885e-08,0.497263823580597,0.956,0.88,0.000554439699915695
"QRSL1",1.65715205221754e-08,-0.432282936889038,0.13,0.32,0.000606534222632142
"PRDM2",1.91916657191185e-08,-0.526168501854182,0.728,0.78,0.000702434156985455
"PIK3IP1",1.95645173796843e-08,0.481077043125851,0.559,0.287,0.000716080900613826
"HIP1R",2.01370666749736e-08,-0.376983193851507,0.103,0.273,0.000737036777370709
"ABLIM1",2.15601651917112e-08,0.681887187230152,0.56,0.327,0.00078912360618182
"TRBC1",2.25765238382861e-08,0.601740928403551,0.438,0.18,0.00082632334900511
"SNX2",2.30794500308489e-08,-0.566692189740882,0.577,0.733,0.000844730950579101
"IL32",2.35787659260983e-08,0.358055922843374,0.7,0.4,0.000863006411661124
"PCED1B",2.45430476540292e-08,0.547081886069461,0.72,0.48,0.000898300087185124
"SYK",2.74450947519394e-08,-0.497721590575551,0.832,0.867,0.00100451791301573
"NDFIP1",2.79558869785106e-08,0.577961533245214,0.77,0.587,0.00102321341930047
"RNF125",2.95858572855152e-08,0.568833992796176,0.461,0.227,0.00108287196250714
"AC139720.1",3.10057833411296e-08,0.734514153503588,0.305,0.087,0.00113484267606868
"PRKCE",4.0613848100188e-08,-0.615535959578403,0.721,0.807,0.00148650745431498
"TRERF1",4.15919650739183e-08,0.557500187412251,0.653,0.4,0.00152230751367048
"CHD7",4.40157139590142e-08,-0.461345554139926,0.267,0.5,0.00161101914661388
"TRABD2A",4.42532774000145e-08,0.473025851720619,0.381,0.133,0.00161971420611793
"CCDC88C",4.63568626374025e-08,0.468289676443902,0.816,0.633,0.00169670752939157
"ZAP70",5.58880872208257e-08,0.392262153846915,0.316,0.093,0.00204555988036944
"ITPKB",6.47490887130997e-08,0.544904114731741,0.578,0.353,0.00236988139598816
"RBL2",6.8788473118955e-08,0.540505531361023,0.705,0.513,0.00251772690462687
"GIMAP7",1.05571736881182e-07,0.429476539155353,0.663,0.447,0.00386403114158814
"SAMD3",1.11371691981614e-07,0.544138413748015,0.337,0.113,0.00407631529821906
"ST6GAL1",1.22653879407832e-07,-0.530208785225768,0.754,0.827,0.00448925464020604
"TBC1D22A",1.33467451713458e-07,-0.372435516267905,0.914,0.92,0.00488504220016427
"ARHGEF1",1.56104178684146e-07,0.438366650173033,0.702,0.5,0.00571356904401844
"LAT",1.63593091673606e-07,0.417750506982763,0.352,0.133,0.00598767074834566
"IGLC2",2.08455811774446e-07,-0.99099603762329,0.164,0.327,0.00762969116675649
"ARL4C",2.31724092156325e-07,0.471285252365651,0.456,0.227,0.00848133349701364
"STK10",2.38146443845886e-07,0.40187969622951,0.927,0.84,0.00871639799120327
"SEPTIN9",2.66122390503599e-07,0.4761713743669,0.756,0.547,0.00974034561482223
"CAMK2D",2.67296263942243e-07,-0.469275547098316,0.813,0.887,0.00978331055655004
"RNF144A",2.71348827743116e-07,0.486259548136811,0.298,0.1,0.00993163844422579
"PLEKHA2",3.12013289008039e-07,-0.577214668658434,0.467,0.633,0.0114199983909832
"FYN",3.14571655466441e-07,0.436902187527018,0.925,0.82,0.0115136371617272
"LEPROTL1",3.21038334433542e-07,0.367740822991144,0.577,0.38,0.0117503240786021
"CTSW",3.29355343906578e-07,0.521985911080346,0.27,0.073,0.0120547349423247
"PTPN4",4.04484830253485e-07,0.470655582338277,0.607,0.413,0.0148045492721078
"SLA",4.1269792043292e-07,0.499485646699788,0.617,0.413,0.0151051565857653
"DGKA",4.14445510427783e-07,0.492203034503993,0.386,0.18,0.0151691201271673
"GGA2",4.25786031429676e-07,-0.487488323367965,0.305,0.5,0.0155841945363576
"IL6ST",4.42289820057742e-07,0.419719889093651,0.653,0.433,0.0161882497039334
"AC010609.1",4.45904121797121e-07,0.381368599308817,0.313,0.107,0.0163205367618964
"MLLT3",4.77033898622154e-07,0.626272190002492,0.607,0.387,0.0174599177234694
"TRBC2",5.05533331235538e-07,0.490476125238321,0.55,0.333,0.0185030254565519
"BIRC3",5.46762758370219e-07,-0.463157208522051,0.249,0.453,0.0200120637191084
"HLA-DMB",5.81601924046839e-07,-0.441172683058327,0.381,0.58,0.0212872120220384
"INPP4A",5.85367880027512e-07,0.472970937015689,0.765,0.62,0.021425049776887
"CPED1",6.27213305346895e-07,-0.475200107439839,0.267,0.453,0.0229566341890017
"EVL",6.98513450657693e-07,0.447204247512489,0.822,0.66,0.0255662908075222
"RORA-AS1",7.05414629764036e-07,0.460371381375867,0.399,0.18,0.0258188808639935
"NUCB2",7.17987568175726e-07,0.488064785664659,0.313,0.113,0.0262790629827997
"SKAP1",7.22347183131027e-07,0.397808562005144,0.899,0.707,0.0264386292497787
"KLF12",7.93991255529089e-07,0.440066042820576,0.814,0.633,0.0290608739436202
"AC009313.1",8.75541774930363e-07,-0.331294189194935,0.112,0.273,0.0320457045042262
"STK39",8.79628263551221e-07,0.447595116301255,0.5,0.287,0.0321952740742382
"POU2F2",1.01321663818339e-06,-0.356688735263505,0.858,0.933,0.0370847421741504
"TMC8",1.03659295976101e-06,0.451856391983837,0.691,0.507,0.0379403389202129
"CD5",1.11382602856843e-06,0.369299379757529,0.256,0.067,0.040767146471633
"GIMAP4",1.31339949663225e-06,0.428915819869697,0.482,0.267,0.0480717349762369
"GIMAP5",1.38216310356556e-06,0.330480125202372,0.353,0.14,0.0505885517536032
"SYNE1",1.40236439788134e-06,0.528755932464793,0.63,0.433,0.0513279393268549
"ATP8B1",1.46326805368625e-06,-0.525859026923281,0.396,0.587,0.0535570740329706
"CD82",1.49646960109702e-06,-0.384082246214973,0.2,0.387,0.0547722838697518
"AIM2",1.5154080629994e-06,-0.335479100255324,0.127,0.287,0.0554654505138412
"LCP2",1.58698287372812e-06,0.405249515056854,0.865,0.707,0.058085160161323
"SAMHD1",1.63210809524955e-06,0.373225179842273,0.948,0.88,0.0597367883942289
"TBC1D9",1.63493400279931e-06,-0.583315348742202,0.422,0.587,0.0598402194364577
"IFT57",1.69207141324288e-06,-0.343223291733093,0.147,0.313,0.0619315057961028
"LDHB",1.8966679301217e-06,0.279052075277606,0.523,0.273,0.0694199429103844
"FHIT",2.08164941476426e-06,0.667464592172989,0.653,0.453,0.0761904502297868
"GNAQ",2.15530501813685e-06,0.36619064705313,0.941,0.893,0.0788863189688268
"SDK2",3.1082141562987e-06,-0.496980154673738,0.117,0.26,0.113763746334689
"SLCO3A1",3.17529340550031e-06,0.436449454097961,0.927,0.827,0.116218913934717
"PRKCB",3.38196801363089e-06,-0.352903412502798,0.985,0.967,0.123783411266904
"ETS1",3.61951305641035e-06,0.418059133388137,0.678,0.5,0.132477797377675
"LAPTM5",4.13581997135555e-06,-0.401088078345717,0.746,0.847,0.151375146771584
"EPB41L2",4.17442509311656e-06,-0.332600251029338,0.161,0.327,0.152788132833159
"FARP2",4.25538552349909e-06,-0.425447041312876,0.35,0.54,0.15575136554559
"KIAA0040",4.34118207951809e-06,-0.360444879174915,0.181,0.353,0.158891605292442
"PLCL1",5.3294532876169e-06,0.578266688922181,0.44,0.24,0.195063319780066
"HIPK1",5.47259907916764e-06,0.382678360345076,0.541,0.333,0.200302598896615
"SNX8",5.56191482271279e-06,-0.320727614669502,0.137,0.293,0.203571644426111
"LIME1",5.74759206218847e-06,0.313756500945621,0.3,0.113,0.21036761706816
"STT3B",6.08828290709517e-06,0.387601010105527,0.686,0.493,0.22283724268259
"ENOSF1",6.16352143341193e-06,0.424295904360684,0.326,0.147,0.22559104798431
"AL050309.1",6.52054638809369e-06,-0.399381599825707,0.137,0.293,0.238658518350617
"CCDC50",6.6484031607963e-06,-0.330123816155578,0.134,0.28,0.243338204088306
"FAU",6.87342941912783e-06,-0.437982474541156,0.933,0.94,0.251574390169498
"GNG2",7.03585319809358e-06,0.407546658014148,0.702,0.533,0.257519262903423
"RAP1GAP2",7.30755643210537e-06,0.436344011999839,0.849,0.747,0.267463872971489
"SLC9A3R1",7.31211546780663e-06,0.353852114606971,0.336,0.153,0.26763073823719
"LINC01550",7.87190472255159e-06,0.438266863161637,0.256,0.087,0.288119584750111
"MYO1E",7.91845004059078e-06,-0.471172872003621,0.27,0.447,0.289823189935663
"RHBDF2",8.03100144389428e-06,-0.425620225234581,0.521,0.667,0.293942683847974
"SNX25",8.9995539053763e-06,-0.34242257673868,0.194,0.36,0.329392672490678
"SLFN5",9.95415282402921e-06,0.370798426756869,0.464,0.26,0.364331947512293
"XBP1",1.02281505329534e-05,0.339503672851594,0.515,0.307,0.374360537656627
"TTC39B",1.06241302824972e-05,0.400694744844443,0.339,0.153,0.388853792469681
"STAT5B",1.07043391392959e-05,0.464838724635579,0.585,0.4,0.39178951683737
"PPP2R5C",1.09564799758594e-05,0.404743558908368,0.785,0.613,0.401018123596428
"CCDC32",1.20492494571903e-05,-0.402941706970028,0.187,0.347,0.441014579382621
"CCL5",1.28998342240822e-05,1.03187348810946,0.303,0.14,0.472146832435634
"LMBRD1",1.29345799244238e-05,-0.462672417832195,0.621,0.727,0.473418559813835
"GIMAP1",1.295434244689e-05,0.313320673180771,0.353,0.173,0.474141887898622
"ZNF609",1.30966213042565e-05,0.479390633964482,0.757,0.627,0.479349436357094
"ANK3",1.42618391607391e-05,0.659569597183537,0.588,0.407,0.521997575122213
"TRAF3",1.48735940932956e-05,-0.47022462751281,0.671,0.76,0.544388417408711
"SYTL3",1.49499780996303e-05,0.429865220362373,0.541,0.347,0.54718414842457
"NDUFAF6",1.49888747747356e-05,-0.335070139096452,0.236,0.407,0.548607805630098
"ACAP1",1.51415987556451e-05,0.304157406993509,0.601,0.433,0.554197656055368
"NAP1L4",1.51556711634256e-05,0.404451659342619,0.635,0.447,0.554712720252539
"SVIL",1.52704124951734e-05,0.435943162878246,0.678,0.473,0.55891236773584
"MED15",1.60327494452156e-05,0.343797256920248,0.601,0.407,0.586814662444335
"AGTPBP1",1.63738657971672e-05,0.389521310983121,0.917,0.84,0.599299862042117
"PCAT1",1.75439157025623e-05,0.51716804726507,0.384,0.2,0.642124858629482
"ZDHHC21",1.78997152116822e-05,-0.374719565360122,0.182,0.333,0.655147476462781
"LDLRAD4",1.80448343520787e-05,0.525295809590165,0.733,0.613,0.660458982120432
"MAN1C1",1.85765588526964e-05,0.420499480344895,0.331,0.147,0.679920630567543
"BTBD11",1.97317000398681e-05,0.480539212006067,0.371,0.187,0.722199953159213
"AC068587.4",2.16414478457729e-05,0.455097284311419,0.546,0.367,0.792098632603135
"OPRM1",2.26997113682294e-05,0.4148993269708,0.362,0.187,0.830832135788564
"NOL4L",2.28219772896647e-05,0.463483722300894,0.375,0.207,0.835307190779018
"TBC1D4",2.28397623051141e-05,0.414737996787739,0.295,0.14,0.835958140129481
"FBXL5",2.57518407442473e-05,0.411973766058448,0.806,0.707,0.942543123080194
"SUCLG2",2.71774641420543e-05,0.376267414599289,0.694,0.547,0.99472236506333
"ATM",2.72108783089457e-05,0.286382350585973,0.888,0.813,0.995945356985721
"IPCEF1",2.92313028445216e-05,0.411903529759714,0.687,0.507,1
"CYB561A3",2.93308779724912e-05,-0.335302503526123,0.134,0.273,1
"RPS23",2.97444697819635e-05,-0.492813191550483,0.901,0.96,1
"TRAF5",3.19357685700066e-05,-0.328397248661792,0.176,0.327,1
"WWP1",3.34677273528783e-05,0.321767379325144,0.604,0.4,1
"HELB",3.40995076723306e-05,0.332556004882354,0.441,0.247,1
"RUNX1",3.61854427731974e-05,0.327656103610353,0.946,0.86,1
"DIP2A",3.68812256793608e-05,0.358899155380822,0.58,0.413,1
"PLCG2",3.72974035529136e-05,-0.352964675918253,0.863,0.88,1
"EZR",3.80046887169638e-05,-0.351647732288845,0.612,0.733,1
"ANKAR",3.98422566257319e-05,-0.371734039693271,0.194,0.34,1
"SMAD2",3.99719973169297e-05,0.35893176561182,0.591,0.413,1
"HPCAL1",4.00933759196157e-05,0.384954121125806,0.546,0.38,1
"ID2",4.08302769654609e-05,0.425572381293497,0.537,0.34,1
"RCAN3",4.11220810584566e-05,0.323886105103599,0.419,0.227,1
"N4BP1",4.20271182321879e-05,0.399491386904112,0.526,0.367,1
"NHSL2",4.28765480126178e-05,0.305626144001927,0.279,0.12,1
"DPYD",4.31715197644705e-05,0.265687086325498,0.993,1,1
"DIPK1A",4.40678688171153e-05,-0.366249765208924,0.309,0.487,1
"HDAC9",4.52738450848613e-05,-0.319665217878346,0.765,0.847,1
"MTMR1",4.60116448685817e-05,-0.33921474925984,0.322,0.487,1
"TPST2",4.61187533150328e-05,0.331663275006108,0.324,0.153,1
"PARP15",4.63231900986913e-05,-0.412420512139392,0.261,0.413,1
"MOB3B",4.63361196379016e-05,-0.493772324933373,0.249,0.393,1
"ISG20",4.64870692989748e-05,-0.4383058718958,0.355,0.527,1
"TSPAN14",4.66905095454919e-05,0.379261117133787,0.619,0.44,1
"ATXN1",4.77794352290431e-05,0.448899878265071,0.821,0.733,1
"RBMS1",4.78003401820552e-05,0.40416381316088,0.819,0.733,1
"ARID5B",4.81594008691321e-05,-0.392871966687762,0.578,0.72,1
"ATP2B4",5.01987562396172e-05,0.405538017680548,0.401,0.227,1
"BASP1",5.23413769912228e-05,-0.251452715888408,0.132,0.273,1
"ORAI2",5.45996107671791e-05,-0.342666783050814,0.265,0.433,1
"CSNK1G3",5.57614897836823e-05,-0.383809096887189,0.321,0.487,1
"TBC1D5",5.62525813546194e-05,-0.31227706309277,0.884,0.907,1
"DGKZ",5.91762261628142e-05,0.368445686290531,0.433,0.28,1
"NCOA3",5.92679225611186e-05,-0.366182703030565,0.793,0.82,1
"LINC01588",5.96901380731549e-05,-0.363498186039664,0.287,0.447,1
"SMC6",6.44962246681828e-05,-0.375245373780276,0.261,0.413,1
"RFTN1",6.53093838254156e-05,0.383531038759517,0.568,0.407,1
"MPP7",6.55709196215715e-05,0.321608912890142,0.598,0.407,1
"TRG-AS1",6.7324486393419e-05,0.378667992039184,0.275,0.127,1
"GALK2",6.7497929038609e-05,0.381789146201917,0.352,0.2,1
"LDLRAP1",7.0612397777726e-05,0.262026082170847,0.256,0.107,1
"ESYT2",7.12369754308124e-05,0.318667904750805,0.814,0.693,1
"CLIC4",7.33893498565087e-05,-0.360253241664894,0.2,0.353,1
"PEAK1",7.54966882820723e-05,-0.338879048486542,0.259,0.427,1
"TSPAN32",7.90458674511255e-05,0.362797650608991,0.389,0.227,1
"KCNAB2",8.22253042158146e-05,0.365848363754639,0.684,0.507,1
"DMXL1",8.2445338542461e-05,-0.389405963202479,0.544,0.687,1
"TACC1",8.38675699837187e-05,0.373568554986843,0.681,0.507,1
"HCST",8.44610874890866e-05,0.338614274133019,0.562,0.393,1
"SNTB1",9.00361722226999e-05,0.398354723787741,0.803,0.7,1
"IRF8",9.37725348578554e-05,-0.360032682640004,0.446,0.593,1
"DNMT1",9.95026218624039e-05,0.291964089603258,0.515,0.347,1
"ACTN1",0.000100796330332646,0.353433951281565,0.464,0.287,1
"CYTH1",0.000101971292461855,0.288070303865754,0.925,0.833,1
"MAL",0.000107620286998738,0.250817885893686,0.275,0.113,1
"ZNF318",0.000111383982462231,-0.308437577492314,0.135,0.26,1
"CNOT6L",0.000112111604685161,0.399821826728546,0.643,0.533,1
"UBR5-AS1",0.000118498090478882,-0.286595081294572,0.147,0.28,1
"FKBP5",0.000122053603393523,0.360899945367368,0.767,0.607,1
"CYTIP",0.00012513617299754,0.265936490551532,0.818,0.673,1
"ITM2B",0.000134732843258941,0.276992940336682,0.821,0.68,1
"CHPT1",0.000138044929912934,-0.474499364770016,0.344,0.493,1
"SLC39A11",0.000142283772116412,0.311159230900833,0.748,0.64,1
"PXK",0.000147682094927662,-0.433129637307993,0.272,0.427,1
"AC008014.1",0.000159088603669679,-0.261985941239267,0.156,0.293,1
"TNRC18",0.000159505441262578,0.341538121561522,0.58,0.427,1
"BTK",0.000161200231802779,-0.338129094010822,0.246,0.393,1
"SMIM14",0.000164214495900674,-0.409161729399133,0.282,0.413,1
"DGCR2",0.000164908962373371,0.338466319244296,0.518,0.333,1
"UNC93B1",0.000166716265419478,-0.44434179616225,0.347,0.5,1
"MSI2",0.000176769073103439,0.439806105566211,0.676,0.553,1
"RETREG1",0.000183712952602478,0.361904969260835,0.347,0.187,1
"CCSER2",0.000192115560317201,0.30867278161161,0.63,0.473,1
"PHACTR2",0.000193257242703063,0.410846224558205,0.731,0.62,1
"CLASRP",0.000193625244594135,-0.378685195165087,0.428,0.573,1
"PCSK5",0.000203562390496162,0.399591260968599,0.495,0.333,1
"WAPL",0.000206278614233368,0.329155384960827,0.622,0.473,1
"TACC3",0.000209220676473496,0.310736921940078,0.282,0.147,1
"PIP4K2A",0.000218044334259442,0.282676421485192,0.871,0.773,1
"TSPAN3",0.000229145555065398,-0.278965074409022,0.158,0.293,1
"PELI2",0.000237396968279944,0.362349855652422,0.668,0.54,1
"PRAM1",0.000237505652804577,0.356757552750847,0.668,0.547,1
"FAM214A",0.000245008433440636,-0.377229434718307,0.386,0.52,1
"FNDC3B",0.000254114315016629,0.326404366232208,0.897,0.767,1
"VRK2",0.0002550036604126,-0.374595220398587,0.544,0.673,1
"PARP8",0.00026135454080225,0.346952539018966,0.917,0.813,1
"TSC22D1",0.000264118096959759,0.294945139212611,0.254,0.113,1
"RPS18",0.000282425913384794,-0.497029080828236,0.932,0.967,1
"RUNX2",0.000297779469730255,0.472298874759175,0.393,0.247,1
"NF1",0.000302321381210666,0.337447190918307,0.555,0.4,1
"AC009226.1",0.000304092129631195,-0.315002653171509,0.176,0.307,1
"MTF2",0.000304894040949977,0.310985747540786,0.435,0.287,1
"REL",0.000312423752097734,-0.406874810615818,0.725,0.793,1
"GNLY",0.00032685966713706,0.80466587906878,0.298,0.153,1
"TRAF3IP3",0.000332092568864066,0.294890775159646,0.695,0.547,1
"CTBP2",0.00034553552463189,0.379933166511211,0.687,0.56,1
"UBASH3B",0.000348442375620788,0.28748919993333,0.492,0.32,1
"RGCC",0.000362574984087549,0.285778754297724,0.313,0.153,1
"SOS1",0.000367709331266775,0.30778253374303,0.783,0.687,1
"SPG7",0.000368253942590607,0.318766964324601,0.474,0.313,1
"POLR2J3",0.000398426335926426,0.255115289132049,0.668,0.513,1
"LPIN2",0.000405159642579431,0.342865239857769,0.51,0.34,1
"CSTB",0.000412768966849722,0.296542856473098,0.298,0.16,1
"TNRC6C",0.000427813182886148,0.372452472242407,0.581,0.42,1
"MCUB",0.000443488486090334,0.27359174628335,0.674,0.547,1
"GLG1",0.000446450821095652,0.283919665787907,0.827,0.753,1
"ATG7",0.000447906568351435,0.281572834096442,0.948,0.867,1
"LINC01138",0.000451539713594718,0.288704477432498,0.518,0.353,1
"FTX",0.000456594358915704,0.322995483347635,0.93,0.893,1
"IGF1R",0.000458431197099813,0.436987813701275,0.564,0.44,1
"PIK3R5",0.000464067918182094,0.2783578974858,0.866,0.78,1
"NMT2",0.000464314601928424,0.325345883521465,0.275,0.14,1
"GPR155",0.000465472539212123,0.314274193540166,0.515,0.373,1
"SFI1",0.000496399280487942,0.297566506351593,0.406,0.253,1
"N4BP2",0.000498748825281818,0.265749137361976,0.275,0.133,1
"BMP2K",0.000503670517308674,-0.31677692793962,0.52,0.687,1
"RPL23",0.000525728935691765,-0.500488993151876,0.762,0.827,1
"HIF1A-AS3",0.000560842922026097,-0.379524783000005,0.363,0.493,1
"PRMT2",0.000561724401685399,0.253824874645235,0.697,0.56,1
"MAP4K3",0.00057402134808404,0.262217887025616,0.49,0.34,1
"CMTM7",0.000582856712786855,0.344836337974573,0.521,0.407,1
"BBS9",0.000610719776900589,0.345630058660235,0.464,0.313,1
"AC245297.3",0.000612344363618575,0.282801800595841,0.603,0.44,1
"HIPK2",0.000624950276811465,0.356985870866011,0.585,0.473,1
"FTO",0.00063826246248489,0.280545842160789,0.603,0.427,1
"CABIN1",0.000640408151513427,0.310296251777476,0.406,0.253,1
"CBLB",0.000670523722146041,0.255672337432064,0.686,0.52,1
"CEP85L",0.00068349701552493,0.311736528012717,0.769,0.66,1
"WDR82",0.000691670403668429,0.275369079711311,0.332,0.207,1
"TOX",0.000701193485767355,0.545657325193106,0.285,0.153,1
"GCC2",0.00070618994113082,0.301486040601171,0.619,0.48,1
"TYW1",0.000715257463430624,0.377899547014631,0.505,0.38,1
"ERN1",0.000718132766218496,0.295731345621429,0.425,0.273,1
"ZFP36L2",0.00072042938741904,0.25294354604889,0.888,0.82,1
"AP1B1",0.00072062842077814,-0.329704711920566,0.318,0.447,1
"FAM102A",0.000742788863991583,0.259608132860356,0.36,0.213,1
"SPN",0.000754606876395057,0.326079554723219,0.414,0.273,1
"CAPN2",0.000764543697770423,0.288012168749004,0.471,0.333,1
"TCHP",0.000770357367994721,0.324981096869075,0.56,0.42,1
"PIK3R1",0.000780317076341939,0.283432614222486,0.537,0.407,1
"BICD1",0.000792834936843407,-0.296912743795484,0.243,0.373,1
"ARFGEF1",0.000804288644345901,0.289340185620764,0.723,0.6,1
"PCNX1",0.000805349293095375,0.290332421919169,0.767,0.62,1
"SH3KBP1",0.000811981959777119,0.272567707741019,0.92,0.813,1
"PSMA1",0.000826957280431267,0.431123936213361,0.568,0.453,1
"CMC1",0.000834599596281013,0.28335641391213,0.345,0.2,1
"IGF2R",0.000846610460733506,0.298849396449583,0.678,0.56,1
"GSAP",0.000867547677156795,-0.281917427265282,0.689,0.793,1
"ACTG1",0.00088150566747112,0.29492655781048,0.866,0.727,1
"L3MBTL4",0.000888666986258713,-0.309462254037843,0.164,0.287,1
"PYHIN1",0.000930487411360704,0.362428653147921,0.298,0.167,1
"CHD3",0.000944195259725935,0.29138595499932,0.448,0.307,1
"RAPGEF6",0.000955758154402013,0.354859647026761,0.746,0.64,1
"CDC42EP3",0.000973274536096105,0.319097825389718,0.472,0.34,1
"HERC1",0.000976529197059359,0.254942542674919,0.827,0.733,1
"DDX60L",0.000988900174825187,0.308611388892501,0.738,0.607,1
"ITPRIP",0.000992731634288492,0.373594030409627,0.485,0.353,1
"HDAC4",0.00100824722289496,0.313472500635778,0.765,0.64,1
"DNMT3A",0.00101056743725268,0.25722642301187,0.329,0.187,1
"NBAS",0.00105269051524348,0.316601816060806,0.629,0.487,1
"HNMT",0.00106216435068673,-0.288789765875371,0.212,0.333,1
"LTB",0.00106352126502908,-0.324378414920111,0.686,0.833,1
"RPS17",0.00108109377468992,-0.44854542849598,0.783,0.84,1
"FNBP1",0.00108983170020119,0.265925069079791,0.933,0.873,1
"RNF149",0.00109413047355197,0.287815818742962,0.917,0.8,1
"SP110",0.00113532698298241,-0.305008542587108,0.847,0.853,1
"NAIP",0.00119106992827964,0.278536145583263,0.546,0.42,1
"AMD1",0.00120535969797851,0.288601707569534,0.655,0.547,1
"JAK1",0.0012169784442147,0.283876288500739,0.87,0.807,1
"CD53",0.0012190502501522,-0.290172593027975,0.792,0.853,1
"CNST",0.00122770089531512,0.316769023725381,0.515,0.38,1
"IQSEC1",0.00130202479066567,-0.332613018334148,0.779,0.787,1
"FER",0.00136439936445998,-0.343921301941423,0.409,0.547,1
"UBXN4",0.00138460028745111,0.276016231218839,0.681,0.587,1
"RABEP1",0.00138927872101888,-0.417638682875959,0.559,0.667,1
"CRBN",0.00143245537273112,0.262305322310724,0.415,0.293,1
"SMG6",0.00143250072401725,0.293580496385306,0.521,0.367,1
"NKG7",0.00144936149392602,0.694071341405205,0.292,0.173,1
"ELL",0.00144988560783406,0.269779518740606,0.388,0.247,1
"STIM2",0.00146117279663093,-0.331326180911095,0.56,0.66,1
"DAPP1",0.00146722817249688,-0.349858400141705,0.404,0.52,1
"EPC1",0.00149263598986725,0.276084251767097,0.796,0.7,1
"DENND2D",0.00156388658569402,0.260736376178024,0.274,0.147,1
"SMAP2",0.0015848895069717,-0.275268487638357,0.842,0.867,1
"DENND4A",0.00161213490311743,-0.310095408662954,0.806,0.82,1
"GSTP1",0.00164810171675044,0.26212945494196,0.441,0.313,1
"RBL1",0.00169213217280011,0.267999648450479,0.259,0.14,1
"RASSF3",0.0017166022094188,0.260206045251597,0.71,0.573,1
"UBE2E2",0.00172798791670044,-0.319058205544225,0.806,0.827,1
"TMEM62",0.0018196344671962,-0.301102966504147,0.202,0.313,1
"RPS27",0.00183636105431935,-0.507775941108762,0.967,0.967,1
"ANKH",0.00187868731033715,0.256067288862615,0.344,0.207,1
"NOTCH2NLC",0.00192932028962572,0.311403486431548,0.332,0.22,1
"RNF213",0.00194203251515508,0.260403876113864,0.985,0.933,1
"CPNE8",0.0019464681314345,0.350953440827485,0.578,0.467,1
"ADD3",0.00200769392413549,0.26698270568092,0.756,0.633,1
"MARK3",0.0020148490492092,0.269089470148772,0.775,0.7,1
"NAA16",0.00205567686547805,0.252839091201141,0.432,0.3,1
"RASGEF1B",0.00206402340729244,-0.31261330741047,0.503,0.613,1
"SFMBT2",0.0021391491735265,0.293620774919606,0.58,0.467,1
"RPL21",0.00214287903991414,-0.425050167815809,0.855,0.907,1
"OSBPL5",0.00220059665664906,0.297194565347227,0.366,0.247,1
"CXCR4",0.00220069597133555,-0.372518827925371,0.402,0.493,1
"RPL11",0.00224071041972931,-0.323174813266659,0.954,0.98,1
"MBOAT1",0.00230899074185798,0.349658504229841,0.414,0.307,1
"CPB2-AS1",0.00231998987925015,0.256859420804026,0.59,0.447,1
"SEC62",0.00238535488496856,-0.329532572233952,0.544,0.64,1
"TMEM154",0.00241385458977775,-0.279454302214661,0.607,0.693,1
"LMTK2",0.00241855261841934,0.277402132742339,0.487,0.34,1
"CPQ",0.00247127369764147,0.301534166408038,0.756,0.62,1
"PIKFYVE",0.00250263669528277,-0.265265937152938,0.466,0.587,1
"RTN3",0.00261271704488618,0.308648391191772,0.528,0.4,1
"MEF2A",0.00261538740458787,-0.263462639719513,0.899,0.88,1
"RPS19",0.00264455304841124,-0.355942324380743,0.928,0.96,1
"SLC2A3",0.00266145988242896,0.326175443816698,0.752,0.627,1
"DDX50",0.00270281125737935,0.278249992282854,0.428,0.313,1
"LRMP",0.00276011885011146,-0.385325646390263,0.482,0.553,1
"PRKAG2",0.00277857666931222,0.258212931560088,0.837,0.767,1
"PAXBP1",0.00280443329758035,0.303413838916177,0.469,0.34,1
"TMEM65",0.00293930751517626,0.291392223409848,0.423,0.293,1
"P2RY8",0.00296362985901081,-0.277928503723664,0.643,0.713,1
"HCK",0.00299109612454286,-0.280105235261277,0.806,0.887,1
"NKTR",0.00305112922001071,0.265816035280158,0.845,0.787,1
"NUP210",0.00305135735937251,0.25321435945377,0.581,0.467,1
"FNTA",0.00306766529470863,0.304392910304216,0.388,0.267,1
"RPL41",0.00307368735835237,-0.407725234865049,0.985,0.993,1
"NFIA",0.00313201625293277,0.346819336622735,0.303,0.193,1
"COMMD10",0.00313274458160764,0.318483251583704,0.715,0.593,1
"PDE7B",0.00313657720849835,-0.336950864060882,0.161,0.253,1
"MACF1",0.00313764785583085,0.254938939060732,0.832,0.767,1
"ATF7IP",0.0031381879802231,-0.318224192841622,0.756,0.767,1
"DGKD",0.00316532618355028,-0.260639764345799,0.591,0.7,1
"RCOR1",0.0031836773106305,0.257332375955819,0.635,0.48,1
"NUP88",0.00319009441366197,-0.336322375196293,0.303,0.413,1
"RASSF5",0.00326039375228159,0.277589580729791,0.397,0.287,1
"DCAF5",0.00341456521023886,0.251862495129417,0.552,0.453,1
"RAF1",0.00343940183954496,0.250400956300415,0.671,0.56,1
"ALMS1",0.00347810690096831,0.27016508642496,0.251,0.14,1
"ARHGAP17",0.00352287788246791,-0.28858576116266,0.617,0.687,1
"RNF216",0.00353778535197641,0.276710739232145,0.73,0.64,1
"VCL",0.00358536038434794,0.291917549349079,0.487,0.34,1
"AKT3",0.00358714118396495,0.346932257161388,0.627,0.513,1
"MFF",0.00360473637832613,-0.303508567102236,0.274,0.387,1
"CARD8",0.00365484791005213,0.293082861261772,0.503,0.4,1
"IL6R",0.00365564758872722,0.275902528703702,0.573,0.447,1
"LRRC8C",0.00377381030765676,0.274757435265875,0.699,0.62,1
"CYREN",0.00377976494912167,0.251456691151955,0.29,0.173,1
"PARVB",0.0037880000630444,-0.300644086112142,0.248,0.367,1
"RAP1B",0.00405667443894129,0.260714689158435,0.891,0.767,1
"NEK7",0.00409118007877994,0.266914160201601,0.653,0.573,1
"CASK",0.00423153479150721,0.294861406290857,0.651,0.54,1
"RASA1",0.00425505854789057,0.273921154276907,0.713,0.593,1
"NACC2",0.00436168784317279,0.260695213667654,0.389,0.28,1
"MBNL3",0.00442069992740599,-0.266804524244019,0.223,0.34,1
"RPS8",0.00452197432048389,-0.314368056481406,0.868,0.887,1
"PTP4A2",0.00460058629742461,0.263115346045661,0.632,0.56,1
"WASHC4",0.00462218310654284,-0.279720179070369,0.658,0.733,1
"ADARB1",0.00475773826681808,-0.333496815722185,0.226,0.327,1
"SCIMP",0.00494717002500812,-0.315105442555941,0.37,0.467,1
"VPS54",0.00504782723150933,0.298497405015431,0.44,0.32,1
"S100Z",0.00527496421941171,0.263200763777612,0.459,0.34,1
"TMEM71",0.00537851565222545,0.264448793660997,0.441,0.333,1
"CD52",0.00539299197674878,-0.398896931663026,0.782,0.8,1
"LPAR6",0.00544257019843139,0.254440925203778,0.397,0.293,1
"TNFAIP3",0.00546600397709545,0.343806658627074,0.42,0.307,1
"TRIM14",0.00558554551471175,0.274135236769435,0.451,0.347,1
"PELI1",0.00562989735406457,-0.352945851637936,0.759,0.8,1
"CHCHD10",0.00570422675924325,-0.342913175237785,0.274,0.38,1
"RAB2A",0.00594825441742159,0.289438412382962,0.761,0.673,1
"SUPT3H",0.00601859494687259,0.336876084444672,0.469,0.36,1
"NIN",0.00607734364983689,-0.319454052472171,0.713,0.793,1
"NIPAL3",0.00613775274413194,0.334995181890589,0.366,0.253,1
"DAAM1",0.00617904295044802,-0.277855783324744,0.189,0.287,1
"YPEL2",0.00632792182350302,0.271266422293285,0.419,0.307,1
"HIVEP3",0.00639699148863912,0.296397550559813,0.425,0.307,1
"SLC49A4",0.00642402010676513,0.284173063308616,0.43,0.34,1
"RPS27A",0.00651163309598842,-0.436887245716545,0.948,0.973,1
"FAM13B",0.00652192938800561,-0.261280791382064,0.534,0.627,1
"LRMDA",0.00673850748496216,0.254356544995516,0.93,0.907,1
"LRPPRC",0.00689181315114641,0.261963057068256,0.479,0.387,1
"DIAPH1",0.00702506103399591,0.261261603417979,0.793,0.727,1
"RPL18",0.00703879370390115,-0.314019041163921,0.847,0.933,1
"AC009554.1",0.00748884601393831,-0.294324788953272,0.298,0.407,1
"TAPT1",0.00758964143476264,-0.426182176806049,0.337,0.42,1
"PLBD1",0.0077768836553023,0.285928461384571,0.415,0.307,1
"NHSL1",0.00794779471759096,0.299833245797455,0.292,0.193,1
"ITGB1",0.00806685964154912,0.327877886269272,0.568,0.46,1
"PRKD3",0.00810494945672752,-0.316352712228527,0.342,0.453,1
"ZFP36L1",0.00821885189922185,-0.266857059275174,0.549,0.66,1
"EEF1G",0.00825851303942509,-0.256663739078499,0.809,0.84,1
"NCF1",0.0082633937943264,-0.255843448192795,0.726,0.787,1
"SLC9A9",0.00827031282518049,0.266288689671132,0.793,0.707,1
"CFD",0.00864623835069808,-0.349135665434708,0.365,0.48,1
"MDM4",0.00868335751212962,-0.278852197828547,0.669,0.707,1
"CTSH",0.0087065527605679,-0.285837061520375,0.314,0.407,1
"RHBDD1",0.00899623610952451,-0.291931316809366,0.42,0.513,1
"LTA4H",0.00903893925335609,-0.262923748689228,0.459,0.56,1
"GNA12",0.00904385090547091,-0.329026387385819,0.254,0.353,1
"RALGAPA2",0.00915950193204821,0.251961163044349,0.624,0.507,1
"ARRDC3",0.00965568195151472,0.277229926282747,0.322,0.227,1
"UBN1",0.00966976014580458,0.254946076265198,0.484,0.367,1
"ZHX2",0.00976982559352728,-0.262796710373057,0.508,0.607,1
"RPL13A",0.00995124852563135,-0.334793141471414,0.971,0.98,1
"TIAM1",0.0100332197645897,0.265612787025179,0.524,0.42,1
"ALCAM",0.0101673170674577,-0.32301670486029,0.239,0.333,1
"GRN",0.010267055929573,-0.260669052364028,0.565,0.647,1
"GARS-DT",0.0102787534838078,0.250636499853002,0.607,0.487,1
"WDR20",0.0107602749430888,0.264856262957194,0.389,0.293,1
"SOAT1",0.0109064329141393,0.264653428829226,0.422,0.327,1
"MAP2K5",0.0109353079313894,0.293427249962012,0.544,0.453,1
"MBD4",0.0109501419324987,-0.253610605410298,0.272,0.373,1
"KMO",0.0110689463020204,-0.267847130335792,0.195,0.273,1
"RPL34",0.0114063976722463,-0.40807586672106,0.93,0.947,1
"KCNQ5",0.0114902413599171,-0.462083016990208,0.331,0.413,1
"NBEAL1",0.0117222316093648,0.277519061298256,0.363,0.273,1
"AC008105.3",0.0119450536672294,0.285770697633131,0.409,0.307,1
"CRLF3",0.0125371669945855,0.279592382644215,0.578,0.493,1
"RPL39",0.0126615783204094,-0.459630748290053,0.77,0.827,1
"ATP6V1D",0.0131770412859412,0.262143772404389,0.298,0.207,1
"SUPT16H",0.0134454676613054,-0.257734045040446,0.296,0.393,1
"RPL8",0.0134484535515231,-0.302073728998788,0.883,0.893,1
"CAMK2G",0.0134634802488619,0.261152588535449,0.456,0.353,1
"UBB",0.0141978003876873,-0.393550205561018,0.402,0.487,1
"TGFBR2",0.014961771959409,0.261501020741421,0.852,0.78,1
"SYNGR2",0.0149666402893376,-0.280175326499551,0.28,0.38,1
"FGD2",0.0153075593552729,-0.261573973588866,0.609,0.68,1
"ALOX5",0.0156072444123732,-0.265885704143755,0.64,0.7,1
"PDSS2",0.0164219687790847,0.252760944470908,0.609,0.493,1
"TRAK1",0.0164321246583551,-0.357103507429589,0.643,0.68,1
"CALHM6",0.0174176234872615,-0.307724084961338,0.259,0.353,1
"KLHL5",0.0182025998555219,-0.254964550604215,0.477,0.593,1
"RPL26",0.0186505175537537,-0.409432970571384,0.767,0.8,1
"LINC01619",0.0190618716907411,0.285961167491484,0.718,0.647,1
"AL645568.1",0.0192729118185581,0.251348359094909,0.321,0.233,1
"RETREG3",0.0197211650505365,0.254642677522755,0.287,0.2,1
"TTC39C",0.0201054657031728,0.282177098223594,0.616,0.493,1
"SLC24A4",0.0215989339352299,0.273932839109854,0.332,0.24,1
"PFDN5",0.027167447781238,-0.261549910972481,0.594,0.693,1
"RPL35A",0.0276154088783775,-0.400670057422524,0.822,0.867,1
"KYNU",0.0282606143361373,-0.276467269556018,0.687,0.713,1
"RILPL2",0.0283278748219916,-0.256259642631615,0.484,0.567,1
"ATP2B1",0.0285179550248795,-0.289720572088986,0.897,0.873,1
"EEF1D",0.0291628456264164,-0.272373000625419,0.697,0.74,1
"CR1",0.0297534834540046,-0.289107191404284,0.337,0.427,1
"ST6GALNAC3",0.0301945619559106,-0.290204584959087,0.41,0.493,1
"RPL22",0.0304318454175169,-0.376722495056373,0.687,0.753,1
"MPEG1",0.0324697897521965,-0.290558810026976,0.479,0.553,1
"CCR7",0.0341405363716331,0.346216724310482,0.459,0.407,1
"RPL18A",0.0364948395007607,-0.350099187180375,0.837,0.847,1
"SH3BP5",0.0366191717080699,-0.322105630904049,0.438,0.48,1
"RPS28",0.0398569003701989,-0.304146886627727,0.936,0.96,1
"NR3C2",0.0404366816168249,0.346745110207841,0.474,0.4,1
"S100A8",0.0410780015248381,-0.261067964070859,0.808,0.853,1
"TMTC2",0.0432565173426987,0.359435654648235,0.619,0.553,1
"SREBF2",0.044475919700664,-0.30526347406722,0.534,0.58,1
"RPL30",0.0458124578743797,-0.43707653738303,0.881,0.9,1
"ATG13",0.0468730923531072,-0.257556929073469,0.283,0.347,1
"LRCH1",0.0470732697953889,-0.291487118157637,0.412,0.48,1
"VCAN",0.0471056216043477,0.335013276759462,0.855,0.86,1
"MIA2",0.0487027903397423,0.250514204670969,0.423,0.36,1
"PHTF2",0.0494225323770285,-0.274061361179293,0.58,0.607,1
"PIK3AP1",0.0528222319839707,-0.263593929603925,0.583,0.633,1
"IDI1",0.0555178738149519,-0.295350895530615,0.36,0.42,1
"FRMD3",0.0555929577728792,0.295331438690942,0.29,0.22,1
"RPS10",0.055658877947053,-0.429323701743545,0.648,0.687,1
"TMEM131",0.0588486459557364,-0.266882839267935,0.809,0.807,1
"RPL36",0.059902416093866,-0.333907698173376,0.795,0.807,1
"XRCC4",0.0606082017788322,0.271798623730049,0.406,0.353,1
"PLCB1",0.0633208708380515,0.403705794136127,0.754,0.793,1
"RPL37A",0.0660212780471416,-0.3085628964739,0.945,0.96,1
"EEFSEC",0.0668927380642741,0.254125935022591,0.401,0.333,1
"CRADD",0.0681266109081512,0.253273133576015,0.318,0.253,1
"RPS13",0.0715773597935673,-0.39288051749207,0.72,0.753,1
"ATP5MC2",0.0779790321180357,-0.353083895707153,0.423,0.48,1
"DOP1B",0.0853081170456007,-0.296336581976725,0.365,0.433,1
"VAMP8",0.0926621091965619,-0.283241495497105,0.419,0.467,1
"RPS21",0.093612401536661,-0.495889775531772,0.87,0.887,1
"RPL12",0.0961205936394157,-0.250579230102666,0.7,0.76,1
"RPS29",0.0961696223644957,-0.554301881092901,0.901,0.913,1
"RPL23A",0.0966789682510848,-0.290466863394859,0.93,0.933,1
"CRIP1",0.0991410451878918,-0.256576253190387,0.415,0.5,1
"RPS15",0.108113570031381,-0.335803647861795,0.917,0.9,1
"CDK6",0.111492388337201,0.355302776749123,0.464,0.407,1
"USP10",0.11571476044958,-0.270306640293061,0.445,0.487,1
"SP140L",0.121430981542101,-0.291980710949874,0.498,0.553,1
"AIF1",0.127916239641223,-0.260119095298877,0.585,0.633,1
"DPH6",0.127948956099646,-0.317508516844282,0.228,0.273,1
"RPL28",0.128501924314616,-0.32278344883995,0.92,0.96,1
"GCNT2",0.1403052951347,-0.252141633277061,0.484,0.527,1
"PPP4R3B",0.150701747625874,-0.257062779055018,0.541,0.56,1
"RPS20",0.154566650171444,-0.262720098170869,0.754,0.767,1
"RPS3",0.193543501838049,-0.264002550343049,0.914,0.927,1
"NCL",0.223652672757395,-0.286839920086942,0.572,0.6,1
"RPL37",0.227058719957636,-0.280785613202548,0.853,0.887,1
"CARMIL1",0.23123797043737,-0.259581155196321,0.428,0.44,1
"RPL17",0.234292802159433,-0.35085582125762,0.814,0.86,1
"RPS26",0.282188120195407,-0.412643945355671,0.897,0.907,1
"RNASEK",0.286190931939894,-0.271091329782982,0.603,0.62,1
"RPL24",0.287741633472963,-0.260597561478391,0.697,0.72,1
"TFRC",0.291026383188645,-0.283830742097857,0.305,0.333,1
"SNAP23",0.303425729463103,-0.256249129155864,0.324,0.36,1
"RPS12",0.314670429371585,-0.422626158797653,0.896,0.9,1
"RPL29",0.35343424083394,-0.277814519654317,0.611,0.633,1
"SECTM1",0.40478743692839,-0.250468589752942,0.241,0.273,1
"RPS15A",0.431765960255584,-0.347826403529604,0.795,0.807,1
"RPS25",0.435642085509231,-0.297655340581415,0.855,0.847,1
"RPL31",0.709243312212757,-0.288744973805775,0.796,0.78,1
"RPL38",0.796933415032617,-0.300480816242102,0.819,0.793,1
"RPL27",0.841204573773763,-0.258088915558222,0.648,0.66,1
"COX7C",0.846169076480413,-0.284507972887034,0.59,0.547,1
